database,function,postgres_version,runs_completed,avg_single_thread_ns,avg_single_thread_us,median_single_thread_ns,p95_single_thread_ns,p99_single_thread_ns,avg_throughput_per_second,std_dev_throughput,coefficient_of_variation,run_to_run_variance
postgresql17,uuid_generate_v7,17,3,78627.4288,78.62742879999999,76583.0,79580.01599999999,79625.91536,18084.001187917722,122.31951553556956,0.016341161029760704,1650874.1503574625
postgresql18,uuid_generate_v7,18,3,85269.10706666666,85.26910706666666,88500.0,91387.48207999999,91674.948576,18188.499651246133,287.01604774969815,0.09739149516310334,68964484.87485062
