database,function,postgres_version,runs_completed,avg_single_thread_ns,avg_single_thread_us,median_single_thread_ns,p95_single_thread_ns,p99_single_thread_ns,avg_throughput_per_second,std_dev_throughput,coefficient_of_variation,run_to_run_variance
postgresql17,uuid_generate_v7,17,3,79627.26906666666,79.62726906666666,77291.0,80236.27494,80244.107148,18239.351269078765,83.46828790112382,0.012410489083274438,976565.6320017668
postgresql18,uuid_generate_v7,18,3,80307.0492,80.3070492,77958.0,80739.34217999999,80770.824276,17989.46478526454,180.6005014803863,0.006414964261739216,265396.88394036214
